{
    "LinearRegression": {
        "MAE": 0.4819692536616305,
        "RMSE": 0.6271749262027136,
        "R2": 0.6884341899077067
    },
    "RandomForest": {
        "MAE": 0.16828234451123145,
        "RMSE": 0.25890058936747457,
        "R2": 0.9469068494250654
    },
    "XGBoost": {
        "MAE": 0.33125339509709756,
        "RMSE": 0.44809491229375087,
        "R2": 0.840957774196476
    }
}