{
    "LinearRegression": {
        "MAE": 0.4819692536616303,
        "RMSE": 0.6271749262027136,
        "R2": 0.6884341899077067
    },
    "RandomForest": {
        "MAE": 0.16829120524627225,
        "RMSE": 0.25891184164667314,
        "R2": 0.9469022342796329
    },
    "XGBoost": {
        "MAE": 0.3301022380080462,
        "RMSE": 0.44699455314003617,
        "R2": 0.8417379155970448
    }
}